1708632014646132819,2,Verky,2023-10-01 23
1708631829111345319,3,shine,2023-10-01 23
1708631404811051280,2,Moonlight Fella ğŸ‡µğŸ‡± ğŸ’–ğŸ‡ºğŸ‡¦ğŸ’–ğŸ‡ªğŸ‡ºğŸ’–ğŸ¥š,2023-10-01 23
1708631313173913895,1,JarÃ© vtuber,2023-10-01 23
1708629266198351956,0,RKE || Souyoto ğŸŒªğŸ’¥ ã€ŒPre VTuber Phaseã€,2023-10-01 23
1708628613132615691,0,Bonk Rock Fella,2023-10-01 23
1708628452369113262,1,Mikey Oâ€™ver,2023-10-01 23
1708627594063565111,2,Âªzero?,2023-10-01 23
1708626698688987244,0,"Joe, American Avgeek + Gamer in #NAFO",2023-10-01 23
1708626151802081670,2,ğ“marae ğ““eâ€™ath,2023-10-01 23
1708626102384763218,0,f i k î¨€,2023-10-01 23
1708625636732911853,1,ed,2023-10-01 23
1708625380255609149,1,Deku,2023-10-01 23
1708624820047413735,0,Andy CT,2023-10-01 23
1708624819263094922,2,Kaitale,2023-10-01 23
1708624021644869667,0,Farzi,2023-10-01 23
1708623994197278755,18,ğŸ¿ï¸ğŸğŸ²DM DanğŸ²ğŸğŸ¿ï¸,2023-10-01 23
1708623929013616859,1,Westham,2023-10-01 23
1708623898332242347,1,Melody âœ¨,2023-10-01 23
1708623701879435413,1,guzzi,2023-10-01 23
1708622940688793657,85,Uncle Bob Crypto,2023-10-01 23
1708622737655079127,55,roz ğŸ§ª,2023-10-01 23
1708622385505591802,0,nico ç² ğŸ”®,2023-10-01 23
1708622328320721370,2,k1ller0p7584,2023-10-01 23
1708622070639100019,1,Ziro Explicador de Shizu,2023-10-01 23
1708621656334168558,1,ed,2023-10-01 23
1708621197850882366,0,back to regular programming.,2023-10-01 23
1708620946708308421,2,alien,2023-10-01 23
1708620616604307829,0,OldWeaver,2023-10-01 23
1708619390587957754,1,ã€ŒSnailã€Â°ğŸ¥©â€¢,2023-10-01 23
1708619144889782583,2,Daryl,2023-10-01 23
1708619045153522129,1,Noah | ğŸŒŠğŸ«§ COMMS CLOSED *:ï½¥ï¾Ÿ,2023-10-01 23
1708618991424483517,1,ã€Œ âœ¦ ğ—šğ˜‚ğ—®ğ˜‡ğ˜‡ğ—¶ âœ¦ ã€,2023-10-01 23
1708618048007963098,1,Jelato (commissions open),2023-10-01 23
1708617993884717384,1,Kyukuâœ¨||Comms Closed,2023-10-01 23
1708617940457685182,1,MattyHGames,2023-10-01 23
1708617896480428242,3,Postie,2023-10-01 23
1708617366651711906,0,ğŸ¤ abdulazeezâš¡,2023-10-01 22
1708617309525352611,0,whereâ€™s,2023-10-01 22
1708617271503950176,0,Kai,2023-10-01 22
1708616975596015701,1,Deku,2023-10-01 22
1708616783941324812,2,Nomen Dubium,2023-10-01 22
1708616776680956369,0,ğŸ©¸DeepağŸ©¸,2023-10-01 22
1708616659013964063,0,á´„á´€á´á´€á´„ÊœÉªÉ´ á´êœ°Éªá´„Éªá´€ÊŸâ„¢,2023-10-01 22
1708616478923125237,1,Blackk,2023-10-01 22
1708616443074433463,11,PS01,2023-10-01 22
1708616430260985876,0,Bindi,2023-10-01 22
1708616413030555958,0,ed,2023-10-01 22
1708616157656170720,1,Tobias von Falkenturm,2023-10-01 22
1708616080493523245,0,ed,2023-10-01 22
1708615561083502924,4,GreenMagenta NAFO,2023-10-01 22
1708615533581439429,0,Deku Shinei,2023-10-01 22
1708615361254330584,0,Bea ğŸ”†,2023-10-01 22
1708615360616771610,3,Yousaf.sol | 538.sol,2023-10-01 22
1708615308955512866,2,Rusty Kolodziejczyk,2023-10-01 22
1708615226738778187,1,ed,2023-10-01 22
1708613713203269683,4,MartaDentM,2023-10-01 22
1708612844189548706,0,than â˜…,2023-10-01 22
1708612738090512539,0,Thomas Farebrother,2023-10-01 22
1708612720013226251,0,balls,2023-10-01 22
1708612612081033255,1,Elfo da quebrada. ğŸ‡µğŸ‡¸,2023-10-01 22
1708612421185568896,0,scout,2023-10-01 22
1708612309420068998,3,ed,2023-10-01 22
1708611903403041059,1,Toddyâ™¦Comms Open,2023-10-01 22
1708611540868288601,87,Noah | ğŸŒŠğŸ«§ COMMS CLOSED *:ï½¥ï¾Ÿ,2023-10-01 22
1708611432949141764,9,Cold,2023-10-01 22
1708611261448257890,0,Lupita GL,2023-10-01 22
1708611159677432201,1,ed,2023-10-01 22
1708611011039678885,0,ed,2023-10-01 22
1708610891925586014,2,JenBNY ğŸ—ï¸ #ToonieTuesday,2023-10-01 22
1708610372708471294,1,Flufferz,2023-10-01 22
1708610288936001792,5,Carl Garcia,2023-10-01 22
1708610200385486877,0,Rusty Kolodziejczyk,2023-10-01 22
1708609824605270059,1,Elfo da quebrada. ğŸ‡µğŸ‡¸,2023-10-01 22
1708609539791008016,81,Ğ‘ĞµĞ»ÑŒĞ³Ñ–Ğ¹ÑÑŒĞºĞ¸Ğ¹ ĞšĞ¾Ğ·Ğ°Ñ‡Ğµ ğŸ¦ˆ ğŸŒ»ğŸ‡ºğŸ‡¦ ğŸ‡ºğŸ‡¸ ğŸ‡®ğŸ‡± î¨€ #NAFO,2023-10-01 22
1708609313009455400,9,TravelerChungusFella,2023-10-01 22
1708608978484109795,0,Aisin-Gioro Kordy,2023-10-01 22
1708608918899847622,1,Aisin-Gioro Kordy,2023-10-01 22
1708608780953366861,1,Sharpie 333,2023-10-01 22
1708608640066724253,8,Kiro âœ¨ï¸,2023-10-01 22
1708608103141302274,0,Kevin,2023-10-01 22
1708608012217409785,0,un diego mas,2023-10-01 22
1708607898673438806,32,noizce.sol,2023-10-01 22
1708607869094854953,3,Rusty Kolodziejczyk,2023-10-01 22
1708606384323911881,5,funkytrax ğŸ‰,2023-10-01 22
1708605882836365679,1,Soap opera star Stephen Mockingbird,2023-10-01 22
1708605272900403349,0,The Tribal Chief,2023-10-01 22
1708604867030213031,1,Sotchi (commissions clossed),2023-10-01 22
1708604590386458764,0,waterking,2023-10-01 22
1708604385398337701,1,BarÃ¡th ZoltÃ¡n,2023-10-01 22
1708604217995243965,4,Mierzeja ğ“ƒ  kapÅ‚anka KotoSanterii z Czarnobajewki,2023-10-01 22
1708603904659988731,0,Matt â¶ğ“…“ï¾’ğŸ¶ ğŸ‡²ğŸ‡½ğŸ¦†ğŸ¥•,2023-10-01 22
1708602381221384238,3,Bronek (Fella) Kozicki âœï¸ğŸ‡µğŸ‡±ğŸ‡¬ğŸ‡§ ğŸ«‚ğŸ‡ºğŸ‡¦ ğŸŒ»,2023-10-01 21
1708601335032299670,0,c o d e i n e â³| edtwt (cody),2023-10-01 21
1708599765926109532,2,Mierzeja ğ“ƒ  kapÅ‚anka KotoSanterii z Czarnobajewki,2023-10-01 21
1708599512170652119,176,Macho Fella Andy Savage ğŸ‡®ğŸ‡ªğŸ«¶ğŸ‡ºğŸ‡¦,2023-10-01 21
1708599498576896128,0,Tom Victor,2023-10-01 21
1708599240891478234,136,â¥ Nanaell ğŸŒºCOMMISSIONS OPENğŸŒº,2023-10-01 21
1708599208276812266,1,Bruskie32,2023-10-01 21
1708598890792956375,3,Czeburaszek,2023-10-01 21
1708598778704339041,2,Mierzeja ğ“ƒ  kapÅ‚anka KotoSanterii z Czarnobajewki,2023-10-01 21
1708598477029024150,3,Czeburaszek,2023-10-01 21
1708598021053616587,6,M,2023-10-01 21
1708597572632281190,0,ğŸ‰ Kywy_LovelybeadVT ğŸ‰,2023-10-01 21
1708597525417021783,0,Cliffy,2023-10-01 21
1708596833151336814,0,law,2023-10-01 21
1708596734815871208,3,Mierzeja ğ“ƒ  kapÅ‚anka KotoSanterii z Czarnobajewki,2023-10-01 21
1708596142869549140,3,Czeburaszek,2023-10-01 21
1708596107562094780,6,shine,2023-10-01 21
1708596009255813163,1,Kevin,2023-10-01 21
1708595973201514844,5,Mierzeja ğ“ƒ  kapÅ‚anka KotoSanterii z Czarnobajewki,2023-10-01 21
1708595957292577157,0,Leon The Wolf,2023-10-01 21
1708595680208355632,3,Mierzeja ğ“ƒ  kapÅ‚anka KotoSanterii z Czarnobajewki,2023-10-01 21
1708595509642866904,2,Nana (Hiatus),2023-10-01 21
1708594888684560769,1,Czeburaszek,2023-10-01 21
1708594866953871430,1,ğ‘ºğ’•ğ’†ğ’ğ’ğ’‚ã€‚,2023-10-01 21
1708594083998892078,0,Caibel The Strategist î¨€(Official),2023-10-01 21
1708594000704496086,0,Vance (@RossButler fake),2023-10-01 21
1708593597149237715,1,Yuri Bezmenov's Ghost ğŸ¥¸,2023-10-01 21
1708593080989823070,3,Mierzeja ğ“ƒ  kapÅ‚anka KotoSanterii z Czarnobajewki,2023-10-01 21
1708592880032313570,1,Sabela Hisssqueak (Commissions open),2023-10-01 21
1708592843835462023,2,Czeburaszek,2023-10-01 21
1708592784519905510,4,Pnda |Coffee Demon| â˜•ï¸ğŸ¼,2023-10-01 21
1708592546698461562,0,hel pâ· ğŸ« ì•„í¬ë°©í¬,2023-10-01 21
1708592239767650626,48,dteam daily,2023-10-01 21
1708592095819186241,3,Mierzeja ğ“ƒ  kapÅ‚anka KotoSanterii z Czarnobajewki,2023-10-01 21
1708591597741658232,1,Deku,2023-10-01 21
1708591461648703694,5,Czeburaszek,2023-10-01 21
1708591437514719588,0,shibass,2023-10-01 21
1708591434448703533,0,shibass,2023-10-01 21
1708591422356533733,11,Larry 'Fella' Laffer ğŸ‡³ğŸ‡± ğŸ‡ªğŸ‡º,2023-10-01 21
1708590706372284564,15,Indie Gamer Chick,2023-10-01 21
1708589490862715171,1,SkipPlayz (TTYD Hype Train),2023-10-01 21
1708589181537325092,2,Tarquin Melnyk ğŸŒ»ğŸ¤˜ğŸ¼,2023-10-01 21
1708588729378668757,0,Deku,2023-10-01 21
1708588679499772264,0,ğŸª·Zozo_uwu_ğŸª·,2023-10-01 21
1708588208500666759,0,scout,2023-10-01 21
1708588113914908843,1,Deku,2023-10-01 21
1708587266510102574,0,Dot,2023-10-01 20
1708587014323683684,4,Deku,2023-10-01 20
1708586964855795752,0,Codlugarthia ğŸ‡ºğŸ‡¦ğŸ‡¬ğŸ‡§,2023-10-01 20
1708586293926535230,1,lettucebionicle27,2023-10-01 20
1708585447335903712,3,DGENZ,2023-10-01 20
1708585312811671581,0,Normalcy Rejected,2023-10-01 20
1708585197942313399,0,Yousaf.sol | 538.sol,2023-10-01 20
1708584849685037336,2,Neptune95,2023-10-01 20
1708584512605536560,0,Naz ğŸ§µ,2023-10-01 20
1708584231125823772,155,Gr1mRea9erâš”Berserker,2023-10-01 20
1708583751100285258,1,hux | lizzie huxley-jones ğŸŸğŸ“š,2023-10-01 20
1708583597089657339,1,ro,2023-10-01 20
1708583369670283482,9,JustInTimeMessenger,2023-10-01 20
1708582606185341411,0,Cassanova Wong,2023-10-01 20
1708582196859072976,2,Miss Cap,2023-10-01 20
1708582158062014642,11,Indie Gamer Chick,2023-10-01 20
1708582024309588057,0,chillbo,2023-10-01 20
1708582021906198755,1,Rusty Kolodziejczyk,2023-10-01 20
1708581960690422204,2,pz4y ğŸ»â›“ï¸,2023-10-01 20
1708581399555719334,3,LIGHTS | blockchain photographer,2023-10-01 20
1708581338570277062,1,Made in Minas,2023-10-01 20
1708580421020352965,0,wrstnghtmre,2023-10-01 20
1708580290652729369,1,Carina ğŸ¥ƒ || Njcon,2023-10-01 20
1708580105155448989,0,â–ˆâ–ˆğŸ…¶ğŸ†ğŸ…¸ğŸ…µâ–ˆâ–ˆ,2023-10-01 20
1708579942726832315,1,Baerchikî¨€ğŸ‡©ğŸ‡ªğŸ‡±ğŸ‡»ğŸ‡®ğŸ‡±ğŸ‡ºğŸ‡¦,2023-10-01 20
1708579337471963547,1,Grafton Fella,2023-10-01 20
1708579157091791010,0,The Legend of MagicM MMA,2023-10-01 20
1708578506190246004,2,nate ğŸ¤,2023-10-01 20
1708577887069090038,0,Marcus,2023-10-01 20
1708577358884778282,25,Equus Fella,2023-10-01 20
1708576919011094842,2,zara,2023-10-01 20
1708576593335972271,2,renÂ¡,2023-10-01 20
1708576327391944787,2,Dr. Olli ğŸ‡ºğŸ‡¦,2023-10-01 20
1708575869458055379,1,Okay I'm done with the Christmas bit,2023-10-01 20
1708575227548979398,0,Kevin,2023-10-01 20
1708575098679013492,56,MatyamsğŸ‡ºğŸ‡¦,2023-10-01 20
1708574317083238429,3,star/planet ~ m/w kyro n crumb! â„ï¸,2023-10-01 20
1708574268890787870,3,ğŸ’œğŸ‘» Sleepybunsu ğŸ¦ˆğŸ’ (VTuber/Shapeshifter),2023-10-01 20
1708573906485850553,1,TerumiWarğŸ‡²ğŸ‡½,2023-10-01 20
1708573897040540046,0,ğ–’ğ–ğ–—ğ–†ğ–Œğ–Š,2023-10-01 20
1708573855004999697,0,"Russian Embassy, SWE - Ğ¿Ğ°Ñ€Ğ¾Ğ´Ğ¸Ğ¹Ğ½Ñ‹Ğ¹ Ğ°ĞºĞºĞ°ÑƒĞ½Ñ‚",2023-10-01 20
1708573841742508189,3,hux | lizzie huxley-jones ğŸŸğŸ“š,2023-10-01 20
1708573607746818518,0,Gchamp6,2023-10-01 20
1708573177398378768,0,"Russian Embassy, SWE - Ğ¿Ğ°Ñ€Ğ¾Ğ´Ğ¸Ğ¹Ğ½Ñ‹Ğ¹ Ğ°ĞºĞºĞ°ÑƒĞ½Ñ‚",2023-10-01 20
1708573001854144771,14,Bonk Earn,2023-10-01 20
1708572999656386805,1,Matty,2023-10-01 20
1708572969293799605,0,Kevin,2023-10-01 20
1708572174351491128,4,nywatt,2023-10-01 19
1708571303840567641,0,Kevin,2023-10-01 19
1708571029742702887,58,jpeggler,2023-10-01 19
1708570909974626380,1,DragonPrimarch76 is moving forward â©,2023-10-01 19
1708570851044454601,0,lovesita â™¡ | convocatoria de enero edition (1/4),2023-10-01 19
1708570502887870873,1,Clover,2023-10-01 19
1708570284893126857,2,Gavin 490freak,2023-10-01 19
1708570235886874985,0,The Dogfather ğŸ‡ºğŸ‡¦ ğŸ‡©ğŸ‡ª ğŸ‡«ğŸ‡® ğŸ‡µğŸ‡± ğŸ‡®ğŸ‡± ğŸ‡©ğŸ‡° ğŸ‡ºğŸ‡¸,2023-10-01 19
1708569976133570784,1,@rosycoast ğŸ‡ºğŸ‡¸ğŸ‡ºğŸ‡¦ğŸŒ»Fella ğŸŒ»,2023-10-01 19
1708569548566175957,2,"Jenny, Voting Rights Act Enthusiast",2023-10-01 19
1708569479238549967,2,ğŸŒ¹âš”ï¸KnightVulpesâš”ï¸ ğŸŒ¹,2023-10-01 19
1708568913703735797,2,ğ™ğ™¤ğ™§ğ™˜ğ™ğ™¡ğ™ğ™œğ™ğ™©.ğ™¨ğ™¤ğ™¡ ğ•,2023-10-01 19
1708568902559572264,1,Wil (with one L),2023-10-01 19
1708568402426528181,2,NotSolWhale.sol,2023-10-01 19
1708568188785393917,1,Kurvasi âš’ï¸ğŸœ | Ant Vtuber | PREDEBUT,2023-10-01 19
1708567951769538611,2,Mzehemen Raphael,2023-10-01 19
1708567919146193377,0,ed,2023-10-01 19
1708567645803680089,1,ASP-Ian,2023-10-01 19
1708567458238390501,0,chi-ğ˜¤ğ˜©ğ˜¢ğ˜¯.,2023-10-01 19
1708567121762939104,0,star âœ©,2023-10-01 19
1708566712465903871,1,ed,2023-10-01 19
1708566379454980130,0,Kevin,2023-10-01 19
1708566368612929820,5,jessğŸ§¡,2023-10-01 19
1708566306675360042,0,Shidesu,2023-10-01 19
1708566237804962078,1,Hâ˜†nnieã€æ¨‚-STARã€,2023-10-01 19
1708565922976264639,0,shibass,2023-10-01 19
1708565816902393998,21,chi-ğ˜¤ğ˜©ğ˜¢ğ˜¯.,2023-10-01 19
1708565787491860983,1,SEEKER,2023-10-01 19
1708565612769804307,0,Stubbs,2023-10-01 19
1708565115707293794,2,yung orangutan ğŸ¦§ğŸ”»,2023-10-01 19
1708565075580100696,1,Mohamed ğŸªğŸŒ´ ğŸ³ ğŸ¤/ solbillionaire.sol,2023-10-01 19
1708564475073183848,17,Bonk Earn,2023-10-01 19
1708564298740486421,0,Kevin,2023-10-01 19
1708563842647630293,1,scout,2023-10-01 19
1708563819243450773,0,Scrub Please ğŸ˜ˆ ğŸ¸,2023-10-01 19
1708563516603437515,0,Metablubba,2023-10-01 19
1708563505878642763,0,Roshi ğŸ‡²ğŸ‡«,2023-10-01 19
1708563468796785060,2,Lefty Sundial ğŸ‡ºğŸ‡¸ ğŸ‡ºğŸ‡¦ ğŸ‡¸ğŸ‡ª,2023-10-01 19
1708563437297783230,2,Demonic Davros,2023-10-01 19
1708563185064632828,0,Roshi ğŸ‡²ğŸ‡«,2023-10-01 19
1708563044794548653,1,FOMO,2023-10-01 19
1708562797259563192,2,Sturmbringer ğŸ‡¨ğŸ‡¦,2023-10-01 19
1708562776904397254,2,Metablubba,2023-10-01 19
1708562402558476757,0,Kevin,2023-10-01 19
1708562294089650670,67,Bonk Earn,2023-10-01 19
1708561964815749422,0,Roshi ğŸ‡²ğŸ‡«,2023-10-01 19
1708561744669667393,0,shine,2023-10-01 19
1708561210780635602,1,Seguidor Aleatorio,2023-10-01 19
1708561041087406405,0,Fabian Suarez,2023-10-01 19
1708560967947190287,18,Deutsche Bonk Investors,2023-10-01 19
1708560681803358512,3,Just a Dude,2023-10-01 19
1708560205556920678,0,boon,2023-10-01 19
1708559653926215906,0,Chill Bill,2023-10-01 19
1708559514650497087,0,Yumekichiâœ¨â›©ï¸,2023-10-01 19
1708558264638607394,2,Hunter Jones,2023-10-01 19
1708557660033892743,0,ITDUDE FellağŸ‡®ğŸ‡±ğŸ‡ºğŸ‡¦ğŸ‡ºğŸ‡¸âœ™ğŸ¦ˆğŸ¬ğŸğŸŒŠ,2023-10-01 19
1708557512184603035,3,NUTT,2023-10-01 19
1708557301945106833,0,Grug son of Grug,2023-10-01 18
1708556775556075992,0,A Life Worth Living,2023-10-01 18
1708556773832216858,0,TheBignosed Baron,2023-10-01 18
1708556759013396715,1,telex â€¢ â˜…,2023-10-01 18
1708556468167831724,0,DontRageM8,2023-10-01 18
1708555626127745427,0,#NAFO Femboy ğŸ‡ºğŸ‡¦ğŸ‡ªğŸ‡ºğŸ‡¹ğŸ‡¼,2023-10-01 18
1708555545760956809,5,shine,2023-10-01 18
1708555373873860631,1,Flying Dutch Fella ğŸ‡ºğŸ‡¦ğŸ‡³ğŸ‡± ğŸ‡ºğŸ‡¦ğŸ‡³ğŸ‡± ğŸ‡ºğŸ‡¦ğŸ‡³ğŸ‡±,2023-10-01 18
1708555002900316206,1,RESISTcomiprop,2023-10-01 18
1708554384668271031,1,ste toff,2023-10-01 18
1708554364942516556,4,N/A,2023-10-01 18
1708554072901472476,19,XermZander,2023-10-01 18
1708553895025299610,0,worm ğ“‡¼,2023-10-01 18
1708553819007967365,0,Affendi Amir,2023-10-01 18
1708553363850412460,0,Nobody's Solace,2023-10-01 18
1708552961826386216,6,Indie Gamer Chick,2023-10-01 18
1708552207891656838,3,Ignacio,2023-10-01 18
1708551806286987565,0,hux | lizzie huxley-jones ğŸŸğŸ“š,2023-10-01 18
1708551804722487304,0,Kevin,2023-10-01 18
1708551651131568283,0,shine,2023-10-01 18
1708551497183580503,3,Cap,2023-10-01 18
1708551373099561286,0,Dios Goldenroth,2023-10-01 18
1708550513094980095,0,Â·â€¢à§à­­â„“Î¹Î½Î·â„“ÑÎ·ğŸ¤â™±à¿à¼…à¿”â€¢Â·ENVtuber||REALITY,2023-10-01 18
1708550116968173763,0,Kevin,2023-10-01 18
1708550064573202636,0,Simon Riley,2023-10-01 18
1708550062156988449,0,AlliGee,2023-10-01 18
1708549386584654177,0,Nelson,2023-10-01 18
1708549210885202155,3,bonkandrun,2023-10-01 18
1708549206477033632,25,bonkandrun,2023-10-01 18
1708548880323764639,0,ADKAS13,2023-10-01 18
1708548548168413547,23,Doge And Shib,2023-10-01 18
1708548347735224622,1,just rams,2023-10-01 18
1708548279393296837,0,Kevin,2023-10-01 18
1708547918276243954,1,Albion ĞĞ»Ğ±Ñ–ÑĞ½ NAFO ğŸ‡ºğŸ‡²ğŸ‡ªğŸ‡¸ğŸ‡ºğŸ‡¦ğŸ‡®ğŸ‡±â˜¦ï¸,2023-10-01 18
1708547283338621027,1,miko âœ§ é¥®æœˆ,2023-10-01 18
1708547168259252459,25,FunkyTramp #NAFO fella,2023-10-01 18
1708546982879408410,16,Dogebonk,2023-10-01 18
1708546780345037114,0,bonk gaming,2023-10-01 18
1708546437401710902,0,Anglo-Aristotelian,2023-10-01 18
1708546222389432813,0,Dios Goldenroth,2023-10-01 18
1708546113718882574,2,Asael,2023-10-01 18
1708545535701897269,0,Kevin,2023-10-01 18
1708544696769818821,1,Virgil Valle,2023-10-01 18
1708544217986076939,5,Arashi | SOL,2023-10-01 18
1708544042605121539,0,shibass,2023-10-01 18
1708543666548076966,0,Kevin,2023-10-01 18
1708543664769695815,0,shibass,2023-10-01 18
1708543642124640564,0,shibass,2023-10-01 18
1708543092419076552,0,ğŸƒThe Spookster HimselfğŸƒ,2023-10-01 18
1708543062773785033,0,Steve Kuntz,2023-10-01 18
1708542758984589394,3,kdot,2023-10-01 18
1708542724540977303,48,BONKER,2023-10-01 18
1708542710800343495,3,CryptoSyke #Skullish,2023-10-01 18
1708542521134268681,3,cuà¸¿s,2023-10-01 18
1708542076131152004,2,shine,2023-10-01 17
1708541620855980410,5,Andrew Radosevich,2023-10-01 17
1708541489943392601,1,Nik,2023-10-01 17
1708541394745246129,2,Johan Ylitalo,2023-10-01 17
1708540852090306897,0,á´€É´É¢Ê€á´€ á´á´€ÉªÉ´Êá´œ (á´„á´€sá´›á´‡Ê€ á´á´˜á´‡Ê€á´€á´›á´Ê€),2023-10-01 17
1708540800617865386,1,N. Jr,2023-10-01 17
1708540461353206131,0,Flip the Fan,2023-10-01 17
1708539973534634325,150,ğŸ¿ï¸ğŸğŸ²DM DanğŸ²ğŸğŸ¿ï¸,2023-10-01 17
1708539096052756963,218,ğŸ’ SheetFuğŸ’.magic,2023-10-01 17
1708538758356758558,15,Harry Mac,2023-10-01 17
1708538224879038464,0,MonotoneGent,2023-10-01 17
1708537394352259260,0,ğ•£ ğ†ğ‡ğğ”ğ‹. ğ•£,2023-10-01 17
1708537386072682714,1,praprapra,2023-10-01 17
1708537182158229830,0,ğğ„ğ•ğ„ğ‘ ğ…ğ€ğƒğ„ ğ€ğ–ğ€ğ˜â€”;,2023-10-01 17
1708536323521290591,1,"ben, the football (both) enthusiast ğŸ’œ",2023-10-01 17
1708536260778762639,0,Conversation Topics,2023-10-01 17
1708534524660138477,18,TravelerChungusFella,2023-10-01 17
1708534484788785279,1,16th6toothSon,2023-10-01 17
1708534373425827922,2,EsK..fellağŸ•...ğŸ‡§ğŸ‡¦ğŸ‡©ğŸ‡ªğŸ‡ºğŸ‡¦,2023-10-01 17
1708533972936880248,35,CryptoVulture,2023-10-01 17
1708533731554660759,0,#NHS,2023-10-01 17
1708532634534519292,1,ire,2023-10-01 17
1708530160163578265,2,JoeShmo ğŸ•¸ğŸ¦,2023-10-01 17
1708530011345743944,0,ğ’ğœğ¡ğ¥ğšğ­ğ­,2023-10-01 17
1708529685640970700,2,acehyy,2023-10-01 17
1708529559392436721,0,maria,2023-10-01 17
1708529008101474797,1,Sylvie ! ğŸª½,2023-10-01 17
1708528772595568908,1,DegenVik1ng420,2023-10-01 17
1708528170344063323,4,ì˜ì‹œì§€,2023-10-01 17
1708527709423632705,8,shine,2023-10-01 17
1708527487070646623,1,Bro Strider (Lack of life syndrome),2023-10-01 17
1708526986497347985,1,Jim McAuley,2023-10-01 16
1708526697975623744,8,sideways nai ğŸ¦‰ shampoo carkeys era ğŸ­ğŸ”¥,2023-10-01 16
1708526617125916955,2,DegenDoes.jpeg,2023-10-01 16
1708526537392148824,0,A. Guderian ğŸ‡ªğŸ‡¦ğŸ¤ğŸ‡ºğŸ‡¦,2023-10-01 16
1708526192280633693,0,WarrensBuffet,2023-10-01 16
1708525804940894694,1,Mzehemen Raphael,2023-10-01 16
1708524376654512352,0,Alex||Kipzz,2023-10-01 16
1708524328072143174,1,âœ¨ C H E O ğŸ°ğŸŒ™,2023-10-01 16
1708524187239801024,1,Purple Sky,2023-10-01 16
1708523991860912251,1,å±±å¤§é´¿ Shanpigeon,2023-10-01 16
1708523766169432326,1,Maximus Prime,2023-10-01 16
1708523051401502908,0,CÆ¡m ChÃ¡y,2023-10-01 16
1708523023186481656,0,DegenDoes.jpeg,2023-10-01 16
1708522024513978574,0,0xDetectivğŸ•µï¸,2023-10-01 16
1708521705709121800,0,Bonkî¨€,2023-10-01 16
1708521375244361827,0,Emily,2023-10-01 16
1708520563054883219,1,D,2023-10-01 16
1708520506335592875,0,27(E chill),2023-10-01 16
1708519983066570833,0,Princess J.,2023-10-01 16
1708519959465431282,0,ahsansadeed,2023-10-01 16
1708519589980885116,0,Comms open!! | Sola ğŸ’œâ¤ğŸ«â˜•,2023-10-01 16
1708519130112917715,0,The Messiah ğŸ´ó §ó ¢ó ³ó £ó ´ó ¿ğŸ,2023-10-01 16
1708518909635097083,2,Rusty Kolodziejczyk,2023-10-01 16
1708518699232374980,0,-,2023-10-01 16
1708518443979272439,10,ï¼³ï¼¬ï¼¡ï¼®ï¼¤ï¼² ï¼³ï¼ºï¼® â˜ ï¸,2023-10-01 16
1708517910417637512,0,Bonkî¨€,2023-10-01 16
1708517618339266985,0,.,2023-10-01 16
1708517598416302093,0,Rou Fleur ğŸŒ¼ ODD-Venture cover!,2023-10-01 16
1708517516220289536,3,Lazarus The Foul,2023-10-01 16
1708517488248676446,3,.,2023-10-01 16
1708516999452836071,1,Kiyomiâ›©noâ›©Hikarijinjaâ›©ãã‚ˆã¿ã®ã²ã‹ã‚Šã˜ã‚“ã˜ã‚ƒî¨€,2023-10-01 16
1708516822583005406,1,Dekker,2023-10-01 16
1708516578067722487,0,Bonkî¨€,2023-10-01 16
1708516105302483023,2120,Wes | animating trash,2023-10-01 16
1708516058079088723,1,Ichiro ã‚¤ãƒãƒ­ã‚¦ğŸ§ğŸŒ† | VtuberTH,2023-10-01 16
1708515971089011013,3,SOUND got Aro'd,2023-10-01 16
1708514216326423027,2,BLee,2023-10-01 16
1708514049791569982,0,skank,2023-10-01 16
1708513649495605341,8,7oMsai Bonsai ğŸ‘ ,2023-10-01 16
1708513556461654102,0,fire brandon staley (he gone),2023-10-01 16
1708512909863584040,0,gfy ğŸ‘¾,2023-10-01 16
1708512693248983153,0,Gui Don Fawkes,2023-10-01 16
1708512637976564086,0,æŒ‡æ®å®˜ Yamato,2023-10-01 16
1708512248484737111,183,MatyamsğŸ‡ºğŸ‡¦,2023-10-01 16
1708512172177813706,128,Gavril Ducu ğŸ‡·ğŸ‡´ğŸ‡©ğŸ‡ªğŸ‡ºğŸ‡²ğŸ‡³ğŸ‡±ğŸ‡ªğŸ‡º@ğŸ‡ºğŸ‡¦,2023-10-01 16
1708512070923129011,2,GooseDuck,2023-10-01 15
1708511979810304209,0,Gerald Volron,2023-10-01 15
1708511965612581197,11,mRr3b00t,2023-10-01 15
1708511506432708741,1,chicago rat hole fanğŸ‰,2023-10-01 15
1708511418004201760,0,Hugo,2023-10-01 15
1708510750782771222,0,SERGEN,2023-10-01 15
1708510504157917350,0,Rise now ye Tarnished,2023-10-01 15
1708509779805765856,0,doomed ğŸ’”,2023-10-01 15
1708509674574643438,9,Yousaf.sol | 538.sol,2023-10-01 15
1708509103868281215,0,ğ‘³ğ’Šğ’‚ğ’ğ’ğ’‚,2023-10-01 15
1708508937828421770,0,Dekker,2023-10-01 15
1708508254152626220,0,Marcus,2023-10-01 15
1708507829391458365,1,ğ•ƒğ•šğ•«ğ•«ğ•ª ğ”¹ğ•’ğ•Ÿğ•˜ æ¨‚ â˜…,2023-10-01 15
1708507742107832479,0,Unyielding_Reality,2023-10-01 15
1708507453447680282,0,angel jojo,2023-10-01 15
1708507421495189629,0,Unyielding_Reality,2023-10-01 15
1708507401014640797,1,MelihCarter | meliherg.sol â¤ï¸$WELL,2023-10-01 15
1708507266658230330,3,LordMagnuss (Commissions open),2023-10-01 15
1708507209934504194,0,Unyielding_Reality,2023-10-01 15
1708506712695538064,1,ğŸ¥ Flying Bonking Rabbit ğŸ°,2023-10-01 15
1708506180862054840,1,David,2023-10-01 15
1708506133298655239,9,Hartmut Fella ğŸ˜,2023-10-01 15
1708505983209652438,0,Neptune95,2023-10-01 15
1708505814422393225,0,whereâ€™s,2023-10-01 15
1708504947275268388,1,Matt,2023-10-01 15
1708504942061949230,0,Gui Don Fawkes,2023-10-01 15
1708503754566483994,1,nara ğŸ¥€,2023-10-01 15
1708503730969067903,2,"Renatinho, o Jombs da (ERROR 404 not found)",2023-10-01 15
1708503492124365258,0,Matt B,2023-10-01 15
1708503013378437268,1,NoNormiesInFoxholes,2023-10-01 15
1708502834218778991,1,ğŸ§ªã½ã„ã‚“ã‚Œã„ãªğŸ—¿,2023-10-01 15
1708502508870795666,0,é»’çŒ« î¨€,2023-10-01 15
1708502227323613417,1,Steppe ğŸºâ€¢ ğŸ›ï¸ â€¢ ğŸŒ¿,2023-10-01 15
1708502088882303024,0,Mailand K.,2023-10-01 15
1708502070263677321,2,Meta Floki Bonk,2023-10-01 15
1708501972368982235,1,Stephen Machan,2023-10-01 15
1708501718642684321,0,DerHebler.sol,2023-10-01 15
1708500867429597252,20,CÃºj,2023-10-01 15
1708500557541802246,1,SharkksğŸ¦ˆğŸ¦ˆ,2023-10-01 15
1708500509911339241,1,LuckyLuke,2023-10-01 15
1708500291845595136,0,mat anep ğŸ‡µğŸ‡¸ğŸ‡²ğŸ‡¾,2023-10-01 15
1708500280046977500,0,ğŸ€ yuki ğŸŒ¸,2023-10-01 15
1708500183791673743,3,Mzehemen Raphael,2023-10-01 15
1708500162694234445,0,ã‚»ãƒƒã‚¯ã‚¹ ã“ã“ã¿,2023-10-01 15
1708500047883829465,1,copiaâ€™s malewife,2023-10-01 15
1708499802013548668,1,Ghostie,2023-10-01 15
1708499584052232620,1,impact noiseğŸ’¥ğŸ”§,2023-10-01 15
1708499559817650629,4,Pets Alive,2023-10-01 15
